Industry,net_stock,Year,investment_equipment,investment_fixed_assets,Group,investment_equipment_rate,investment_fixed_assets_rate,treated,post,did,log_net_stock,equipment_share,trend
Ambulatory health care services,26.3,1975,1.8,2.4,Healthcare,0.06844106463878327,0.09125475285171102,0,0,0,3.3068867021909143,0.75,0
Ambulatory health care services,28.5,1976,2.1,2.7,Healthcare,0.0736842105263158,0.09473684210526316,0,0,0,3.3843902633457743,0.7777777777777778,1
Ambulatory health care services,31.8,1977,2.5,3.1,Healthcare,0.07861635220125786,0.09748427672955975,0,0,0,3.490428515390098,0.8064516129032258,2
Ambulatory health care services,35.8,1978,3.0,3.8,Healthcare,0.08379888268156425,0.10614525139664804,0,0,0,3.6054978451748854,0.7894736842105263,3
Ambulatory health care services,41.1,1979,3.2,4.3,Healthcare,0.07785888077858881,0.10462287104622871,0,0,0,3.7400477406883357,0.744186046511628,4
Ambulatory health care services,47.1,1980,3.6,5.1,Healthcare,0.07643312101910828,0.10828025477707005,0,0,0,3.8732821771117156,0.7058823529411765,5
Ambulatory health care services,53.2,1981,4.4,6.6,Healthcare,0.08270676691729323,0.12406015037593984,0,1,0,3.9926809084456005,0.6666666666666667,6
Ambulatory health care services,59.6,1982,5.4,8.6,Healthcare,0.09060402684563759,0.1442953020134228,0,1,0,4.104294893075269,0.6279069767441862,7
Ambulatory health care services,66.1,1983,6.4,9.9,Healthcare,0.0968229954614221,0.1497730711043873,0,1,0,4.206184043977636,0.6464646464646465,8
Ambulatory health care services,73.4,1984,7.0,11.3,Healthcare,0.09536784741144413,0.1539509536784741,0,1,0,4.309455941839047,0.6194690265486725,9
Ambulatory health care services,80.0,1985,6.9,12.1,Healthcare,0.08625000000000001,0.15125,0,1,0,4.394449154672439,0.5702479338842976,10
Ambulatory health care services,88.2,1986,7.6,13.2,Healthcare,0.08616780045351473,0.14965986394557823,0,1,0,4.490881039585964,0.5757575757575758,11
Ambulatory health care services,96.5,1987,8.5,14.8,Healthcare,0.08808290155440414,0.1533678756476684,0,1,0,4.579852378003801,0.5743243243243243,12
Ambulatory health care services,105.6,1988,9.7,15.9,Healthcare,0.09185606060606061,0.15056818181818182,0,1,0,4.669083511731744,0.610062893081761,13
Ambulatory health care services,114.9,1989,10.6,16.9,Healthcare,0.09225413402959094,0.14708442123585724,0,1,0,4.752727750345706,0.6272189349112426,14
Ambulatory health care services,124.4,1990,11.5,11.5,Healthcare,0.09244372990353697,0.09244372990353697,0,1,0,4.83150862819882,1.0,15
Hospitals,63.3,1975,2.5,5.9,Healthcare,0.03949447077409163,0.09320695102685625,0,0,0,4.163559631243574,0.423728813559322,0
Hospitals,70.3,1976,3.0,6.6,Healthcare,0.042674253200568994,0.09388335704125178,0,0,0,4.26689632742025,0.4545454545454546,1
Hospitals,79.4,1977,3.1,6.9,Healthcare,0.03904282115869018,0.08690176322418136,0,0,0,4.387014176184921,0.4492753623188406,2
Hospitals,90.3,1978,3.6,7.3,Healthcare,0.0398671096345515,0.08084163898117387,0,0,0,4.514150787600923,0.4931506849315069,3
Hospitals,104.0,1979,3.8,7.8,Healthcare,0.036538461538461534,0.075,0,0,0,4.653960350157523,0.48717948717948717,4
Hospitals,118.5,1980,4.1,8.5,Healthcare,0.03459915611814346,0.07172995780590717,0,0,0,4.783316371371566,0.48235294117647054,5
Hospitals,131.1,1981,4.7,9.7,Healthcare,0.03585049580472922,0.07398932112890923,0,1,0,4.883559211528279,0.48453608247422686,6
Hospitals,142.7,1982,5.5,12.3,Healthcare,0.038542396636299936,0.08619481429572531,0,1,0,4.967727793084979,0.44715447154471544,7
Hospitals,153.5,1983,6.2,13.6,Healthcare,0.040390879478827364,0.08859934853420195,0,1,0,5.0401940963378005,0.4558823529411765,8
Hospitals,165.6,1984,6.9,13.9,Healthcare,0.04166666666666667,0.08393719806763286,0,1,0,5.115595729732743,0.49640287769784175,9
Hospitals,175.4,1985,7.0,14.5,Healthcare,0.039908779931584946,0.08266818700114024,0,1,0,5.172754143572691,0.4827586206896552,10
Hospitals,187.8,1986,7.6,16.2,Healthcare,0.04046858359957401,0.08626198083067092,0,1,0,5.240688253711401,0.4691358024691358,11
Hospitals,200.9,1987,8.5,18.4,Healthcare,0.04230960676953708,0.09158785465405674,0,1,0,5.307772525318792,0.4619565217391305,12
Hospitals,215.3,1988,9.5,20.3,Healthcare,0.044124477473293074,0.09428704133766837,0,1,0,5.376666332959013,0.46798029556650245,13
Hospitals,230.8,1989,10.6,22.4,Healthcare,0.04592720970537261,0.097053726169844,0,1,0,5.445874930905651,0.47321428571428575,14
Hospitals,246.4,1990,11.6,11.6,Healthcare,0.04707792207792207,0.04707792207792207,0,1,0,5.511006459958388,1.0,15
Nursing and residential care facilities,3.7,1975,0.1,0.2,Healthcare,0.02702702702702703,0.05405405405405406,0,0,0,1.547562508716013,0.5,0
Nursing and residential care facilities,4.0,1976,0.1,0.3,Healthcare,0.025,0.075,0,0,0,1.6094379124341003,0.33333333333333337,1
Nursing and residential care facilities,4.5,1977,0.2,0.3,Healthcare,0.044444444444444446,0.06666666666666667,0,0,0,1.7047480922384253,0.6666666666666667,2
Nursing and residential care facilities,5.0,1978,0.2,0.4,Healthcare,0.04,0.08,0,0,0,1.791759469228055,0.5,3
Nursing and residential care facilities,5.8,1979,0.2,0.4,Healthcare,0.034482758620689655,0.06896551724137931,0,0,0,1.916922612182061,0.5,4
Nursing and residential care facilities,6.6,1980,0.3,0.5,Healthcare,0.045454545454545456,0.07575757575757576,0,0,0,2.028148247292285,0.6,5
Nursing and residential care facilities,7.3,1981,0.3,0.6,Healthcare,0.0410958904109589,0.0821917808219178,0,1,0,2.1162555148025524,0.5,6
Nursing and residential care facilities,8.0,1982,0.4,0.8,Healthcare,0.05,0.1,0,1,0,2.1972245773362196,0.5,7
Nursing and residential care facilities,8.7,1983,0.5,0.9,Healthcare,0.0574712643678161,0.10344827586206898,0,1,0,2.272125885509337,0.5555555555555556,8
Nursing and residential care facilities,9.6,1984,0.5,1.1,Healthcare,0.052083333333333336,0.11458333333333334,0,1,0,2.3608540011180215,0.45454545454545453,9
Nursing and residential care facilities,10.4,1985,0.5,1.2,Healthcare,0.04807692307692307,0.11538461538461538,0,1,0,2.4336133554004498,0.4166666666666667,10
Nursing and residential care facilities,11.3,1986,0.5,1.3,Healthcare,0.04424778761061947,0.11504424778761062,0,1,0,2.509599262378372,0.3846153846153846,11
Nursing and residential care facilities,12.3,1987,0.5,1.5,Healthcare,0.04065040650406504,0.12195121951219512,0,1,0,2.5877640352277083,0.3333333333333333,12
Nursing and residential care facilities,13.4,1988,0.7,1.6,Healthcare,0.05223880597014925,0.11940298507462686,0,1,0,2.667228206581955,0.43749999999999994,13
Nursing and residential care facilities,14.6,1989,0.8,1.7,Healthcare,0.05479452054794521,0.11643835616438356,0,1,0,2.747270914255491,0.4705882352941177,14
Nursing and residential care facilities,15.8,1990,0.9,0.9,Healthcare,0.056962025316455694,0.056962025316455694,0,1,0,2.8213788864092133,1.0,15
Social assistance,3.8,1975,0.1,0.3,Healthcare,0.026315789473684213,0.07894736842105263,0,0,0,1.5686159179138452,0.33333333333333337,0
Social assistance,4.1,1976,0.2,0.3,Healthcare,0.04878048780487806,0.07317073170731708,0,0,0,1.62924053973028,0.6666666666666667,1
Social assistance,4.6,1977,0.2,0.4,Healthcare,0.04347826086956522,0.08695652173913045,0,0,0,1.7227665977411035,0.5,2
Social assistance,5.2,1978,0.2,0.4,Healthcare,0.038461538461538464,0.07692307692307693,0,0,0,1.824549292051046,0.5,3
Social assistance,5.9,1979,0.3,0.5,Healthcare,0.05084745762711864,0.0847457627118644,0,0,0,1.9315214116032138,0.6,4
Social assistance,6.7,1980,0.3,0.5,Healthcare,0.04477611940298507,0.07462686567164178,0,0,0,2.0412203288596382,0.6,5
Social assistance,7.4,1981,0.3,0.5,Healthcare,0.040540540540540536,0.06756756756756756,0,1,0,2.128231705849268,0.6,6
Social assistance,7.9,1982,0.2,0.6,Healthcare,0.02531645569620253,0.07594936708860758,0,1,0,2.186051276738094,0.33333333333333337,7
Social assistance,8.3,1983,0.3,0.7,Healthcare,0.03614457831325301,0.08433734939759036,0,1,0,2.2300144001592104,0.4285714285714286,8
Social assistance,8.9,1984,0.3,0.8,Healthcare,0.033707865168539325,0.0898876404494382,0,1,0,2.2925347571405443,0.37499999999999994,9
Social assistance,9.5,1985,0.3,0.9,Healthcare,0.031578947368421054,0.09473684210526316,0,1,0,2.3513752571634776,0.3333333333333333,10
Social assistance,10.2,1986,0.4,1.0,Healthcare,0.03921568627450981,0.09803921568627452,0,1,0,2.4159137783010487,0.4,11
Social assistance,11.0,1987,0.4,1.1,Healthcare,0.03636363636363637,0.1,0,1,0,2.4849066497880004,0.36363636363636365,12
Social assistance,11.8,1988,0.4,1.1,Healthcare,0.03389830508474576,0.09322033898305085,0,1,0,2.5494451709255714,0.36363636363636365,13
Social assistance,12.7,1989,0.5,1.1,Healthcare,0.03937007874015748,0.08661417322834647,0,1,0,2.617395832834079,0.45454545454545453,14
Social assistance,13.4,1990,0.5,0.5,Healthcare,0.03731343283582089,0.03731343283582089,0,1,0,2.667228206581955,1.0,15
Computer and electronic products,36.7,1975,2.3,7.0,Manufacturing,0.06267029972752043,0.19073569482288827,1,0,0,3.629660094453965,0.32857142857142857,0
Computer and electronic products,40.0,1976,2.6,7.7,Manufacturing,0.065,0.1925,1,0,0,3.713572066704308,0.33766233766233766,1
Computer and electronic products,44.5,1977,3.1,8.7,Manufacturing,0.0696629213483146,0.19550561797752808,1,0,0,3.817712325956905,0.35632183908045983,2
Computer and electronic products,50.7,1978,3.8,10.5,Manufacturing,0.07495069033530571,0.2071005917159763,1,0,0,3.9454577815143836,0.3619047619047619,3
Computer and electronic products,59.6,1979,4.5,12.5,Manufacturing,0.07550335570469799,0.20973154362416108,1,0,0,4.104294893075269,0.36,4
Computer and electronic products,70.7,1980,5.4,15.1,Manufacturing,0.07637906647807638,0.21357850070721357,1,0,0,4.272490747605575,0.35761589403973515,5
Computer and electronic products,81.0,1981,6.3,17.1,Manufacturing,0.07777777777777778,0.21111111111111114,1,1,1,4.406719247264253,0.3684210526315789,6
Computer and electronic products,89.2,1982,6.3,17.9,Manufacturing,0.07062780269058296,0.20067264573991028,1,1,1,4.502029427068578,0.35195530726256985,7
Computer and electronic products,95.1,1983,6.4,18.4,Manufacturing,0.0672975814931651,0.19348054679284962,1,1,1,4.565389315976247,0.3478260869565218,8
Computer and electronic products,104.4,1984,8.6,22.7,Manufacturing,0.08237547892720305,0.21743295019157086,1,1,1,4.657762636107262,0.3788546255506608,9
Computer and electronic products,113.9,1985,8.9,24.4,Manufacturing,0.0781387181738367,0.21422300263388935,1,1,1,4.74406218485471,0.36475409836065575,10
Computer and electronic products,122.0,1986,7.8,23.3,Manufacturing,0.06393442622950819,0.19098360655737706,1,1,1,4.812184355372417,0.33476394849785407,11
Computer and electronic products,130.1,1987,7.8,24.1,Manufacturing,0.05995388162951576,0.1852421214450423,1,1,1,4.875960390769654,0.32365145228215764,12
Computer and electronic products,138.5,1988,8.4,25.8,Manufacturing,0.06064981949458484,0.18628158844765344,1,1,1,4.93806460126142,0.32558139534883723,13
Computer and electronic products,147.3,1989,9.7,27.9,Manufacturing,0.06585200271554649,0.18940936863543786,1,1,1,4.999237249143887,0.34767025089605735,14
Computer and electronic products,156.3,1990,10.1,29.3,Manufacturing,0.06461932181701854,0.1874600127959053,1,1,1,5.058154810064233,0.34470989761092147,15
Durable goods,247.7,1975,15.8,32.9,Manufacturing,0.06378683891804603,0.132821962050868,1,0,0,5.516247350809359,0.480243161094225,0
Durable goods,269.4,1976,17.1,35.3,Manufacturing,0.06347438752783965,0.13103192279138828,1,0,0,5.599902344168809,0.4844192634560907,1
Durable goods,299.6,1977,20.8,40.9,Manufacturing,0.06942590120160214,0.1365153538050734,1,0,0,5.705780477318874,0.508557457212714,2
Durable goods,338.7,1978,25.1,49.3,Manufacturing,0.0741068792441689,0.1455565397106584,1,0,0,5.828062875166538,0.5091277890466532,3
Durable goods,392.3,1979,28.9,56.6,Manufacturing,0.0736681111394341,0.14427733877134846,1,0,0,5.974572679437764,0.5106007067137809,4
Durable goods,453.7,1980,33.0,65.4,Manufacturing,0.0727352876350011,0.14414811549482037,1,0,0,6.119637860830965,0.5045871559633027,5
Durable goods,506.7,1981,39.0,75.6,Manufacturing,0.07696862048549438,0.1492007104795737,1,1,1,6.229890721953349,0.5158730158730159,6
Durable goods,538.9,1982,31.6,69.3,Manufacturing,0.05863796622750047,0.1285952866951197,1,1,1,6.291383937224241,0.45598845598845605,7
Durable goods,554.2,1983,28.5,66.8,Manufacturing,0.05142547816672681,0.12053410321183687,1,1,1,6.319328409192595,0.42664670658682635,8
Durable goods,583.8,1984,37.5,82.2,Manufacturing,0.06423432682425488,0.14080164439876672,1,1,1,6.371269908435568,0.4562043795620438,9
Durable goods,621.7,1985,41.1,91.6,Manufacturing,0.06610905581470163,0.14733794434614764,1,1,1,6.434064861878406,0.44868995633187775,10
Durable goods,656.4,1986,37.3,88.4,Manufacturing,0.05682510664229128,0.13467397928092628,1,1,1,6.488292661230119,0.421945701357466,11
Durable goods,688.8,1987,37.6,88.8,Manufacturing,0.0545876887340302,0.1289198606271777,1,1,1,6.536401700502741,0.42342342342342343,12
Durable goods,717.2,1988,36.0,89.2,Manufacturing,0.05019520356943669,0.12437255995538203,1,1,1,6.576748081791982,0.40358744394618834,13
Durable goods,749.6,1989,42.3,99.9,Manufacturing,0.05643009605122731,0.1332710779082177,1,1,1,6.62087288670092,0.4234234234234234,14
Durable goods,784.2,1990,44.0,103.6,Manufacturing,0.05610813567967355,0.132109155827595,1,1,1,6.665938462402306,0.42471042471042475,15
"Electrical equipment, appliances, and components",14.6,1975,0.7,2.0,Manufacturing,0.04794520547945205,0.136986301369863,1,0,0,2.747270914255491,0.35,0
"Electrical equipment, appliances, and components",15.8,1976,0.8,2.2,Manufacturing,0.05063291139240506,0.13924050632911392,1,0,0,2.8213788864092133,0.36363636363636365,1
"Electrical equipment, appliances, and components",17.1,1977,0.9,2.3,Manufacturing,0.05263157894736842,0.13450292397660815,1,0,0,2.89591193827178,0.391304347826087,2
"Electrical equipment, appliances, and components",19.0,1978,1.1,2.7,Manufacturing,0.05789473684210527,0.14210526315789473,1,0,0,2.995732273553991,0.40740740740740744,3
"Electrical equipment, appliances, and components",21.7,1979,1.4,3.2,Manufacturing,0.06451612903225806,0.14746543778801843,1,0,0,3.122364924487357,0.43749999999999994,4
"Electrical equipment, appliances, and components",25.1,1980,1.8,3.8,Manufacturing,0.07171314741035856,0.15139442231075695,1,0,0,3.261935314328648,0.4736842105263158,5
"Electrical equipment, appliances, and components",28.0,1981,1.8,4.3,Manufacturing,0.0642857142857143,0.15357142857142855,1,1,1,3.367295829986474,0.4186046511627907,6
"Electrical equipment, appliances, and components",30.1,1982,1.9,4.2,Manufacturing,0.06312292358803986,0.13953488372093023,1,1,1,3.4372078191851885,0.45238095238095233,7
"Electrical equipment, appliances, and components",31.5,1983,2.1,4.4,Manufacturing,0.06666666666666667,0.13968253968253969,1,1,1,3.481240089335692,0.47727272727272724,8
"Electrical equipment, appliances, and components",33.6,1984,2.9,5.2,Manufacturing,0.08630952380952381,0.15476190476190477,1,1,1,3.543853682063679,0.5576923076923077,9
"Electrical equipment, appliances, and components",35.5,1985,3.0,5.2,Manufacturing,0.08450704225352113,0.14647887323943662,1,1,1,3.597312260588446,0.5769230769230769,10
"Electrical equipment, appliances, and components",37.3,1986,2.1,5.0,Manufacturing,0.056300268096514755,0.13404825737265416,1,1,1,3.6454498961866,0.42000000000000004,11
"Electrical equipment, appliances, and components",38.2,1987,2.1,4.0,Manufacturing,0.05497382198952879,0.10471204188481674,1,1,1,3.6686767467964168,0.525,12
"Electrical equipment, appliances, and components",39.5,1988,2.3,4.5,Manufacturing,0.05822784810126582,0.11392405063291139,1,1,1,3.7013019741124933,0.5111111111111111,13
"Electrical equipment, appliances, and components",41.1,1989,2.6,5.0,Manufacturing,0.06326034063260341,0.121654501216545,1,1,1,3.7400477406883357,0.52,14
"Electrical equipment, appliances, and components",42.9,1990,2.7,5.3,Manufacturing,0.06293706293706294,0.12354312354312354,1,1,1,3.7819143200811256,0.5094339622641509,15
Fabricated metal products,27.0,1975,2.0,3.1,Manufacturing,0.07407407407407407,0.11481481481481481,1,0,0,3.332204510175204,0.6451612903225806,0
Fabricated metal products,29.7,1976,2.1,3.2,Manufacturing,0.07070707070707072,0.10774410774410775,1,0,0,3.4242626545931514,0.65625,1
Fabricated metal products,33.6,1977,2.6,3.7,Manufacturing,0.07738095238095238,0.11011904761904762,1,0,0,3.543853682063679,0.7027027027027027,2
Fabricated metal products,38.5,1978,3.0,4.5,Manufacturing,0.07792207792207792,0.11688311688311688,1,0,0,3.676300671907076,0.6666666666666666,3
Fabricated metal products,44.9,1979,3.4,4.9,Manufacturing,0.0757238307349666,0.10913140311804011,1,0,0,3.8264651170664994,0.693877551020408,4
Fabricated metal products,52.1,1980,3.9,5.7,Manufacturing,0.07485604606525911,0.10940499040307101,1,0,0,3.9721769282478934,0.6842105263157895,5
Fabricated metal products,58.1,1981,4.6,6.7,Manufacturing,0.07917383820998278,0.1153184165232358,1,1,1,4.079230924412053,0.6865671641791045,6
Fabricated metal products,61.5,1982,3.7,5.6,Manufacturing,0.06016260162601626,0.09105691056910568,1,1,1,4.135166556742356,0.6607142857142858,7
Fabricated metal products,62.4,1983,3.0,4.8,Manufacturing,0.04807692307692308,0.07692307692307693,1,1,1,4.14946386144318,0.625,8
Fabricated metal products,65.0,1984,4.0,6.2,Manufacturing,0.06153846153846154,0.09538461538461539,1,1,1,4.189654742026425,0.6451612903225806,9
Fabricated metal products,68.8,1985,4.4,6.9,Manufacturing,0.06395348837209303,0.10029069767441862,1,1,1,4.2456340097683265,0.6376811594202899,10
Fabricated metal products,72.7,1986,4.4,6.7,Manufacturing,0.06052269601100413,0.0921595598349381,1,1,1,4.300002799195291,0.6567164179104478,11
Fabricated metal products,76.2,1987,4.5,6.7,Manufacturing,0.05905511811023622,0.08792650918635171,1,1,1,4.3463994570307305,0.6716417910447761,12
Fabricated metal products,79.1,1988,4.2,6.5,Manufacturing,0.05309734513274337,0.08217446270543616,1,1,1,4.383275854074314,0.6461538461538462,13
Fabricated metal products,82.3,1989,4.7,7.4,Manufacturing,0.05710814094775213,0.08991494532199272,1,1,1,4.422448549172797,0.6351351351351351,14
Fabricated metal products,86.3,1990,4.9,7.8,Manufacturing,0.05677867902665122,0.09038238702201622,1,1,1,4.469350462845557,0.6282051282051283,15
Furniture and related products,2.7,1975,0.1,0.3,Manufacturing,0.037037037037037035,0.1111111111111111,1,0,0,1.308332819650179,0.33333333333333337,0
Furniture and related products,2.9,1976,0.2,0.3,Manufacturing,0.06896551724137931,0.10344827586206896,1,0,0,1.3609765531356006,0.6666666666666667,1
Furniture and related products,3.3,1977,0.2,0.4,Manufacturing,0.060606060606060615,0.12121212121212123,1,0,0,1.4586150226995167,0.5,2
Furniture and related products,3.8,1978,0.3,0.5,Manufacturing,0.07894736842105263,0.13157894736842105,1,0,0,1.5686159179138452,0.6,3
Furniture and related products,4.3,1979,0.3,0.5,Manufacturing,0.06976744186046512,0.11627906976744186,1,0,0,1.667706820558076,0.6,4
Furniture and related products,5.0,1980,0.3,0.6,Manufacturing,0.06,0.12,1,0,0,1.791759469228055,0.5,5
Furniture and related products,5.4,1981,0.4,0.6,Manufacturing,0.07407407407407407,0.1111111111111111,1,1,1,1.8562979903656263,0.6666666666666667,6
Furniture and related products,5.8,1982,0.4,0.6,Manufacturing,0.06896551724137931,0.10344827586206896,1,1,1,1.916922612182061,0.6666666666666667,7
Furniture and related products,6.0,1983,0.4,0.7,Manufacturing,0.06666666666666667,0.11666666666666665,1,1,1,1.9459101490553132,0.5714285714285715,8
Furniture and related products,6.4,1984,0.5,0.8,Manufacturing,0.078125,0.125,1,1,1,2.0014800002101243,0.625,9
Furniture and related products,6.9,1985,0.5,0.8,Manufacturing,0.07246376811594203,0.11594202898550725,1,1,1,2.066862759472976,0.625,10
Furniture and related products,7.4,1986,0.6,0.9,Manufacturing,0.08108108108108107,0.12162162162162161,1,1,1,2.128231705849268,0.6666666666666666,11
Furniture and related products,7.9,1987,0.6,0.9,Manufacturing,0.07594936708860758,0.11392405063291139,1,1,1,2.186051276738094,0.6666666666666666,12
Furniture and related products,8.4,1988,0.6,1.0,Manufacturing,0.07142857142857142,0.11904761904761904,1,1,1,2.2407096892759584,0.6,13
Furniture and related products,9.0,1989,0.7,1.1,Manufacturing,0.07777777777777778,0.12222222222222223,1,1,1,2.302585092994046,0.6363636363636362,14
Furniture and related products,9.5,1990,0.7,1.0,Manufacturing,0.07368421052631578,0.10526315789473684,1,1,1,2.3513752571634776,0.7,15
Machinery,26.5,1975,1.7,3.8,Manufacturing,0.06415094339622641,0.14339622641509434,1,0,0,3.3141860046725258,0.4473684210526316,0
Machinery,29.2,1976,1.8,3.9,Manufacturing,0.06164383561643836,0.13356164383561644,1,0,0,3.407841924380824,0.46153846153846156,1
Machinery,32.9,1977,2.3,4.7,Manufacturing,0.06990881458966565,0.14285714285714288,1,0,0,3.5234150143864045,0.4893617021276595,2
Machinery,37.9,1978,3.0,5.9,Manufacturing,0.079155672823219,0.15567282321899736,1,0,0,3.6609942506244004,0.5084745762711864,3
Machinery,44.8,1979,3.6,6.9,Manufacturing,0.08035714285714286,0.15401785714285715,1,0,0,3.824284091120139,0.5217391304347826,4
Machinery,52.8,1980,4.0,7.9,Manufacturing,0.07575757575757576,0.14962121212121213,1,0,0,3.9852734671677386,0.5063291139240506,5
Machinery,60.3,1981,4.8,9.4,Manufacturing,0.07960199004975124,0.1558872305140962,1,1,1,4.115779842942166,0.5106382978723404,6
Machinery,65.7,1982,4.4,9.1,Manufacturing,0.0669710806697108,0.1385083713850837,1,1,1,4.200204952921578,0.4835164835164836,7
Machinery,68.6,1983,3.9,8.2,Manufacturing,0.05685131195335277,0.119533527696793,1,1,1,4.242764567340374,0.475609756097561,8
Machinery,72.9,1984,4.8,9.9,Manufacturing,0.06584362139917695,0.13580246913580246,1,1,1,4.302712827954156,0.4848484848484848,9
Machinery,77.9,1985,5.0,10.5,Manufacturing,0.06418485237483953,0.13478818998716302,1,1,1,4.368181227851829,0.47619047619047616,10
Machinery,81.5,1986,4.2,9.0,Manufacturing,0.051533742331288344,0.11042944785276074,1,1,1,4.412798293340635,0.4666666666666667,11
Machinery,84.9,1987,4.3,8.9,Manufacturing,0.05064782096584216,0.10482921083627797,1,1,1,4.45318382899021,0.4831460674157303,12
Machinery,88.3,1988,4.3,9.3,Manufacturing,0.048697621744054356,0.10532276330690828,1,1,1,4.492001487882454,0.4623655913978494,13
Machinery,92.4,1989,4.8,10.7,Manufacturing,0.051948051948051945,0.11580086580086578,1,1,1,4.536891345234797,0.4485981308411215,14
Machinery,97.1,1990,5.1,11.4,Manufacturing,0.05252317198764161,0.11740473738414008,1,1,1,4.585987366571318,0.4473684210526315,15
Miscellaneous manufacturing,11.8,1975,0.9,1.6,Manufacturing,0.07627118644067796,0.13559322033898305,1,0,0,2.5494451709255714,0.5625,0
Miscellaneous manufacturing,13.2,1976,1.2,2.0,Manufacturing,0.09090909090909091,0.15151515151515152,1,0,0,2.653241964607215,0.6,1
Miscellaneous manufacturing,14.8,1977,1.3,2.1,Manufacturing,0.08783783783783784,0.14189189189189189,1,0,0,2.760009940032921,0.6190476190476191,2
Miscellaneous manufacturing,16.7,1978,1.4,2.4,Manufacturing,0.08383233532934131,0.1437125748502994,1,0,0,2.8735646395797834,0.5833333333333334,3
Miscellaneous manufacturing,19.5,1979,1.6,2.8,Manufacturing,0.08205128205128205,0.14358974358974358,1,0,0,3.0204248861443626,0.5714285714285715,4
Miscellaneous manufacturing,22.6,1980,1.8,3.2,Manufacturing,0.07964601769911504,0.1415929203539823,1,0,0,3.1612467120315646,0.5625,5
Miscellaneous manufacturing,25.3,1981,2.0,3.7,Manufacturing,0.07905138339920949,0.14624505928853757,1,1,1,3.269568939183719,0.5405405405405405,6
Miscellaneous manufacturing,27.5,1982,1.9,4.0,Manufacturing,0.06909090909090909,0.14545454545454545,1,1,1,3.349904087274605,0.475,7
Miscellaneous manufacturing,28.8,1983,1.7,3.7,Manufacturing,0.059027777777777776,0.12847222222222224,1,1,1,3.3945083935113587,0.45945945945945943,8
Miscellaneous manufacturing,30.6,1984,2.1,4.3,Manufacturing,0.06862745098039216,0.14052287581699346,1,1,1,3.4531571205928664,0.48837209302325585,9
Miscellaneous manufacturing,32.7,1985,2.1,4.7,Manufacturing,0.06422018348623854,0.1437308868501529,1,1,1,3.517497837358316,0.44680851063829785,10
Miscellaneous manufacturing,34.5,1986,2.3,4.4,Manufacturing,0.06666666666666667,0.127536231884058,1,1,1,3.56953269648137,0.5227272727272726,11
Miscellaneous manufacturing,36.9,1987,2.3,5.0,Manufacturing,0.06233062330623306,0.13550135501355015,1,1,1,3.634951112088381,0.45999999999999996,12
Miscellaneous manufacturing,38.8,1988,2.3,5.0,Manufacturing,0.059278350515463915,0.1288659793814433,1,1,1,3.6838669122903918,0.45999999999999996,13
Miscellaneous manufacturing,41.0,1989,2.6,5.6,Manufacturing,0.06341463414634146,0.13658536585365852,1,1,1,3.7376696182833684,0.46428571428571436,14
Miscellaneous manufacturing,43.1,1990,2.4,5.8,Manufacturing,0.05568445475638051,0.1345707656612529,1,1,1,3.7864597824528,0.41379310344827586,15
"Motor vehicles, bodies and trailers, and parts",25.6,1975,1.8,4.4,Manufacturing,0.0703125,0.171875,1,0,0,3.2809112157876537,0.40909090909090906,0
"Motor vehicles, bodies and trailers, and parts",27.4,1976,2.0,5.1,Manufacturing,0.07299270072992702,0.18613138686131386,1,0,0,3.3463891451671604,0.3921568627450981,1
"Motor vehicles, bodies and trailers, and parts",31.0,1977,2.9,6.8,Manufacturing,0.0935483870967742,0.21935483870967742,1,0,0,3.4657359027997265,0.4264705882352941,2
"Motor vehicles, bodies and trailers, and parts",35.9,1978,3.7,8.2,Manufacturing,0.1030640668523677,0.22841225626740946,1,0,0,3.6082115510464816,0.451219512195122,3
"Motor vehicles, bodies and trailers, and parts",42.0,1979,4.0,9.1,Manufacturing,0.09523809523809523,0.21666666666666665,1,0,0,3.7612001156935624,0.43956043956043955,4
"Motor vehicles, bodies and trailers, and parts",48.6,1980,4.5,10.3,Manufacturing,0.09259259259259259,0.21193415637860083,1,0,0,3.903990833730882,0.4368932038834951,5
"Motor vehicles, bodies and trailers, and parts",55.7,1981,7.3,13.3,Manufacturing,0.1310592459605027,0.23877917414721725,1,1,1,4.037774210733707,0.5488721804511277,6
"Motor vehicles, bodies and trailers, and parts",57.2,1982,3.6,9.5,Manufacturing,0.06293706293706293,0.16608391608391607,1,1,1,4.063885354737392,0.37894736842105264,7
"Motor vehicles, bodies and trailers, and parts",55.8,1983,2.3,8.2,Manufacturing,0.04121863799283154,0.14695340501792115,1,1,1,4.039536325727106,0.2804878048780488,8
"Motor vehicles, bodies and trailers, and parts",57.3,1984,4.1,11.0,Manufacturing,0.07155322862129145,0.19197207678883071,1,1,1,4.065602093356446,0.3727272727272727,9
"Motor vehicles, bodies and trailers, and parts",61.5,1985,5.3,13.6,Manufacturing,0.08617886178861789,0.22113821138211381,1,1,1,4.135166556742356,0.3897058823529412,10
"Motor vehicles, bodies and trailers, and parts",66.6,1986,5.3,15.0,Manufacturing,0.07957957957957959,0.22522522522522526,1,1,1,4.213607983048918,0.35333333333333333,11
"Motor vehicles, bodies and trailers, and parts",70.6,1987,5.3,14.5,Manufacturing,0.07507082152974505,0.20538243626062325,1,1,1,4.2710950739666,0.36551724137931035,12
"Motor vehicles, bodies and trailers, and parts",71.9,1988,3.2,12.5,Manufacturing,0.04450625869262865,0.17385257301808066,1,1,1,4.289088639014612,0.256,13
"Motor vehicles, bodies and trailers, and parts",75.0,1989,4.9,15.5,Manufacturing,0.06533333333333334,0.20666666666666667,1,1,1,4.330733340286331,0.31612903225806455,14
"Motor vehicles, bodies and trailers, and parts",78.8,1990,5.6,16.3,Manufacturing,0.07106598984771574,0.2068527918781726,1,1,1,4.379523504455763,0.3435582822085889,15
Nondurable goods,200.5,1975,14.7,24.5,Manufacturing,0.07331670822942643,0.12219451371571072,1,0,0,5.305789381386738,0.6,0
Nondurable goods,221.5,1976,16.3,26.5,Manufacturing,0.07358916478555305,0.11963882618510158,1,0,0,5.404927101606295,0.6150943396226415,1
Nondurable goods,247.6,1977,18.6,29.4,Manufacturing,0.07512116316639743,0.11873990306946688,1,0,0,5.515845179076611,0.6326530612244898,2
Nondurable goods,279.1,1978,20.4,32.8,Manufacturing,0.07309208169115011,0.11752060193479037,1,0,0,5.635146682266063,0.6219512195121951,3
Nondurable goods,320.3,1979,22.3,36.5,Manufacturing,0.06962222916016235,0.11395566656259756,1,0,0,5.772375266121813,0.6109589041095891,4
Nondurable goods,367.0,1980,24.7,40.8,Manufacturing,0.06730245231607629,0.11117166212534059,1,0,0,5.908082938168931,0.6053921568627452,5
Nondurable goods,404.5,1981,27.2,45.7,Manufacturing,0.06724351050679851,0.11297898640296664,1,1,1,6.005120873555468,0.5951859956236323,6
Nondurable goods,432.3,1982,27.3,46.9,Manufacturing,0.06315058986814712,0.10848947490168864,1,1,1,6.071430328745864,0.582089552238806,7
Nondurable goods,448.4,1983,25.4,45.0,Manufacturing,0.056645851917930416,0.10035682426404996,1,1,1,6.107913359751229,0.5644444444444444,8
Nondurable goods,468.9,1984,28.7,50.7,Manufacturing,0.06120708040093837,0.10812539987204096,1,1,1,6.15251990610877,0.5660749506903353,9
Nondurable goods,494.2,1985,31.1,54.5,Manufacturing,0.06292998785916633,0.11027923917442331,1,1,1,6.2049617213703865,0.5706422018348624,10
Nondurable goods,518.3,1986,30.2,52.0,Manufacturing,0.058267412695350185,0.10032799536947715,1,1,1,6.252481750850273,0.5807692307692307,11
Nondurable goods,544.2,1987,30.2,53.8,Manufacturing,0.05549430356486585,0.09886071297317162,1,1,1,6.301152699822378,0.5613382899628253,12
Nondurable goods,575.0,1988,34.9,60.9,Manufacturing,0.06069565217391304,0.10591304347826087,1,1,1,6.3561076606958915,0.5730706075533661,13
Nondurable goods,611.0,1989,41.8,72.1,Manufacturing,0.06841243862520457,0.11800327332242225,1,1,1,6.416732282512326,0.579750346740638,14
Nondurable goods,652.8,1990,45.7,79.0,Manufacturing,0.07000612745098041,0.12101715686274511,1,1,1,6.48280149429011,0.5784810126582279,15
Nonmetallic mineral products,19.2,1975,1.4,2.1,Manufacturing,0.07291666666666667,0.10937500000000001,1,0,0,3.005682604407159,0.6666666666666666,0
Nonmetallic mineral products,20.7,1976,1.4,2.1,Manufacturing,0.06763285024154589,0.10144927536231885,1,0,0,3.077312260546414,0.6666666666666666,1
Nonmetallic mineral products,22.8,1977,1.7,2.5,Manufacturing,0.07456140350877193,0.10964912280701754,1,0,0,3.169685580677429,0.6799999999999999,2
Nonmetallic mineral products,25.7,1978,2.3,3.3,Manufacturing,0.08949416342412451,0.12840466926070038,1,0,0,3.2846635654062037,0.6969696969696969,3
Nonmetallic mineral products,29.3,1979,2.4,3.4,Manufacturing,0.08191126279863481,0.11604095563139931,1,0,0,3.4111477125153233,0.7058823529411765,4
Nonmetallic mineral products,33.5,1980,2.9,4.1,Manufacturing,0.08656716417910447,0.12238805970149252,1,0,0,3.5409593240373143,0.7073170731707318,5
Nonmetallic mineral products,36.2,1981,2.7,3.9,Manufacturing,0.07458563535911603,0.10773480662983424,1,1,1,3.616308761279101,0.6923076923076924,6
Nonmetallic mineral products,37.3,1982,2.0,3.0,Manufacturing,0.05361930294906166,0.0804289544235925,1,1,1,3.6454498961866,0.6666666666666666,7
Nonmetallic mineral products,37.4,1983,1.7,2.8,Manufacturing,0.045454545454545456,0.0748663101604278,1,1,1,3.648057459593681,0.6071428571428572,8
Nonmetallic mineral products,38.6,1984,2.4,3.8,Manufacturing,0.06217616580310881,0.09844559585492227,1,1,1,3.6788291182604347,0.631578947368421,9
Nonmetallic mineral products,40.8,1985,2.8,4.6,Manufacturing,0.06862745098039216,0.11274509803921569,1,1,1,3.7328963395307104,0.6086956521739131,10
Nonmetallic mineral products,42.8,1986,2.5,4.2,Manufacturing,0.058411214953271035,0.09813084112149534,1,1,1,3.7796338173824005,0.5952380952380952,11
Nonmetallic mineral products,44.7,1987,2.6,4.3,Manufacturing,0.058165548098434,0.09619686800894854,1,1,1,3.822098297900159,0.6046511627906977,12
Nonmetallic mineral products,46.1,1988,2.2,4.0,Manufacturing,0.047722342733188726,0.08676789587852494,1,1,1,3.8522730010223722,0.55,13
Nonmetallic mineral products,47.9,1989,2.9,4.8,Manufacturing,0.060542797494780795,0.10020876826722339,1,1,1,3.8897773964808264,0.6041666666666666,14
Nonmetallic mineral products,49.8,1990,2.7,4.8,Manufacturing,0.054216867469879526,0.0963855421686747,1,1,1,3.927896354584436,0.5625000000000001,15
Other transportation equipment,18.6,1975,0.7,2.5,Manufacturing,0.03763440860215053,0.13440860215053763,1,0,0,2.975529566236472,0.27999999999999997,0
Other transportation equipment,20.1,1976,0.9,2.9,Manufacturing,0.04477611940298507,0.1442786069651741,1,0,0,3.0492730404820207,0.3103448275862069,1
Other transportation equipment,21.9,1977,0.9,3.1,Manufacturing,0.04109589041095891,0.14155251141552513,1,0,0,3.131136910560194,0.2903225806451613,2
Other transportation equipment,24.7,1978,1.2,4.0,Manufacturing,0.048582995951417005,0.16194331983805668,1,0,0,3.246490991901174,0.3,3
Other transportation equipment,29.1,1979,1.7,5.1,Manufacturing,0.05841924398625429,0.17525773195876287,1,0,0,3.40452517175483,0.33333333333333337,4
Other transportation equipment,34.3,1980,2.2,6.2,Manufacturing,0.06413994169096211,0.1807580174927114,1,0,0,3.563882963939251,0.3548387096774194,5
Other transportation equipment,39.0,1981,2.4,7.0,Manufacturing,0.061538461538461535,0.1794871794871795,1,1,1,3.6888794541139363,0.34285714285714286,6
Other transportation equipment,43.5,1982,2.4,8.2,Manufacturing,0.05517241379310345,0.18850574712643678,1,1,1,3.7954891891721947,0.29268292682926833,7
Other transportation equipment,47.1,1983,2.2,8.7,Manufacturing,0.046709129511677286,0.18471337579617833,1,1,1,3.8732821771117156,0.25287356321839083,8
Other transportation equipment,52.2,1984,2.9,10.9,Manufacturing,0.05555555555555555,0.20881226053639845,1,1,1,3.9740583963475986,0.2660550458715596,9
Other transportation equipment,57.9,1985,3.2,12.5,Manufacturing,0.05526770293609672,0.2158894645941278,1,1,1,4.075841090657541,0.256,10
Other transportation equipment,63.9,1986,3.1,13.5,Manufacturing,0.048513302034428794,0.2112676056338028,1,1,1,4.1728476237100445,0.22962962962962963,11
Other transportation equipment,69.2,1987,3.1,13.3,Manufacturing,0.044797687861271675,0.19219653179190752,1,1,1,4.251348311031766,0.23308270676691728,12
Other transportation equipment,73.4,1988,3.0,12.9,Manufacturing,0.04087193460490463,0.1757493188010899,1,1,1,4.309455941839047,0.23255813953488372,13
Other transportation equipment,76.7,1989,2.9,13.0,Manufacturing,0.0378096479791395,0.1694915254237288,1,1,1,4.3528552573736015,0.22307692307692306,14
Other transportation equipment,79.3,1990,3.2,12.5,Manufacturing,0.04035308953341741,0.15762925598991173,1,1,1,4.385769620952716,0.256,15
Primary metals,55.5,1975,3.3,4.9,Manufacturing,0.059459459459459456,0.08828828828828829,1,0,0,4.034240638152395,0.6734693877551019,0
Primary metals,60.0,1976,3.4,4.8,Manufacturing,0.056666666666666664,0.08,1,0,0,4.110873864173311,0.7083333333333334,1
Primary metals,66.1,1977,3.7,5.1,Manufacturing,0.05597579425113465,0.07715582450832073,1,0,0,4.206184043977636,0.7254901960784315,2
Primary metals,72.5,1978,3.9,5.4,Manufacturing,0.05379310344827586,0.07448275862068966,1,0,0,4.297285406218791,0.7222222222222222,3
Primary metals,81.4,1979,4.3,5.9,Manufacturing,0.05282555282555282,0.07248157248157248,1,0,0,4.411585436915426,0.7288135593220338,4
Primary metals,91.4,1980,4.6,6.3,Manufacturing,0.05032822757111597,0.06892778993435449,1,0,0,4.526126978647638,0.7301587301587301,5
Primary metals,98.6,1981,5.4,7.6,Manufacturing,0.05476673427991887,0.07707910750507099,1,1,1,4.601162164590552,0.7105263157894738,6
Primary metals,101.7,1982,3.9,5.7,Manufacturing,0.038348082595870206,0.05604719764011799,1,1,1,4.631812116934513,0.6842105263157895,7
Primary metals,102.1,1983,3.9,5.6,Manufacturing,0.03819784524975514,0.05484818805093046,1,1,1,4.635699391022914,0.6964285714285715,8
Primary metals,103.2,1984,4.0,5.6,Manufacturing,0.03875968992248062,0.05426356589147286,1,1,1,4.646312129319266,0.7142857142857143,9
Primary metals,105.5,1985,4.4,6.4,Manufacturing,0.04170616113744076,0.06066350710900474,1,1,1,4.66814498514948,0.6875,10
Primary metals,106.7,1986,3.0,4.6,Manufacturing,0.028116213683223992,0.043111527647610115,1,1,1,4.679349584162343,0.6521739130434783,11
Primary metals,108.5,1987,3.6,5.2,Manufacturing,0.03317972350230415,0.047926267281105994,1,1,1,4.695924549256556,0.6923076923076923,12
Primary metals,111.0,1988,4.2,5.9,Manufacturing,0.03783783783783784,0.05315315315315316,1,1,1,4.718498871295094,0.711864406779661,13
Primary metals,114.1,1989,4.8,6.9,Manufacturing,0.042068361086765996,0.06047326906222612,1,1,1,4.745801315727837,0.6956521739130435,14
Primary metals,117.8,1990,5.0,7.4,Manufacturing,0.042444821731748725,0.06281833616298813,1,1,1,4.777441406928545,0.6756756756756757,15
Wood products,9.5,1975,0.9,1.2,Manufacturing,0.09473684210526316,0.12631578947368421,1,0,0,2.3513752571634776,0.75,0
Wood products,10.4,1976,0.9,1.2,Manufacturing,0.08653846153846154,0.11538461538461538,1,0,0,2.4336133554004498,0.75,1
Wood products,11.7,1977,1.2,1.6,Manufacturing,0.10256410256410256,0.13675213675213677,1,0,0,2.5416019934645457,0.7499999999999999,2
Wood products,13.4,1978,1.4,1.9,Manufacturing,0.1044776119402985,0.1417910447761194,1,0,0,2.667228206581955,0.7368421052631579,3
Wood products,15.6,1979,1.7,2.2,Manufacturing,0.10897435897435898,0.14102564102564105,1,0,0,2.8094026953624978,0.7727272727272726,4
Wood products,17.8,1980,1.6,2.2,Manufacturing,0.0898876404494382,0.12359550561797754,1,0,0,2.9338568698359038,0.7272727272727273,5
Wood products,19.0,1981,1.4,2.0,Manufacturing,0.07368421052631578,0.10526315789473684,1,1,1,2.995732273553991,0.7,6
Wood products,19.4,1982,1.1,1.5,Manufacturing,0.05670103092783506,0.07731958762886598,1,1,1,3.0155349008501706,0.7333333333333334,7
Wood products,19.3,1983,1.0,1.4,Manufacturing,0.05181347150259067,0.07253886010362694,1,1,1,3.0106208860477417,0.7142857142857143,8
Wood products,19.7,1984,1.3,1.8,Manufacturing,0.06598984771573604,0.09137055837563453,1,1,1,3.0301337002713233,0.7222222222222222,9
Wood products,20.3,1985,1.4,1.8,Manufacturing,0.06896551724137931,0.08866995073891626,1,1,1,3.0587070727153796,0.7777777777777777,10
Wood products,21.0,1986,1.4,1.8,Manufacturing,0.06666666666666667,0.08571428571428572,1,1,1,3.091042453358316,0.7777777777777777,11
Wood products,21.6,1987,1.5,1.9,Manufacturing,0.06944444444444443,0.08796296296296295,1,1,1,3.1179499062782403,0.7894736842105263,12
Wood products,22.2,1988,1.4,1.8,Manufacturing,0.06306306306306306,0.08108108108108109,1,1,1,3.1441522786722644,0.7777777777777777,13
Wood products,22.8,1989,1.7,2.1,Manufacturing,0.07456140350877193,0.09210526315789473,1,1,1,3.169685580677429,0.8095238095238094,14
Wood products,23.5,1990,1.6,2.0,Manufacturing,0.06808510638297872,0.0851063829787234,1,1,1,3.1986731175506815,0.8,15
Educational services,3.0,1975,0.6,1.4,Education,0.19999999999999998,0.4666666666666666,0,0,0,1.3862943611198906,0.4285714285714286,0
Educational services,3.3,1976,0.7,1.6,Education,0.21212121212121213,0.4848484848484849,0,0,0,1.4586150226995167,0.43749999999999994,1
Educational services,3.7,1977,0.8,1.8,Education,0.21621621621621623,0.48648648648648646,0,0,0,1.547562508716013,0.4444444444444445,2
Educational services,4.1,1978,0.8,2.0,Education,0.19512195121951223,0.48780487804878053,0,0,0,1.62924053973028,0.4,3
Educational services,4.6,1979,0.9,2.3,Education,0.1956521739130435,0.5,0,0,0,1.7227665977411035,0.391304347826087,4
Educational services,5.2,1980,0.9,2.8,Education,0.17307692307692307,0.5384615384615384,0,0,0,1.824549292051046,0.32142857142857145,5
Educational services,5.7,1981,1.0,3.1,Education,0.17543859649122806,0.543859649122807,0,1,0,1.9021075263969205,0.3225806451612903,6
Educational services,6.0,1982,0.9,3.3,Education,0.15,0.5499999999999999,0,1,0,1.9459101490553132,0.27272727272727276,7
Educational services,6.1,1983,1.1,3.6,Education,0.18032786885245905,0.5901639344262296,0,1,0,1.9600947840472698,0.3055555555555556,8
Educational services,6.4,1984,1.2,3.9,Education,0.18749999999999997,0.609375,0,1,0,2.0014800002101243,0.3076923076923077,9
Educational services,6.5,1985,1.1,4.3,Education,0.16923076923076924,0.6615384615384615,0,1,0,2.0149030205422647,0.2558139534883721,10
Educational services,6.9,1986,1.2,4.9,Education,0.17391304347826086,0.7101449275362319,0,1,0,2.066862759472976,0.24489795918367344,11
Educational services,7.2,1987,1.4,6.5,Education,0.19444444444444442,0.9027777777777778,0,1,0,2.1041341542702074,0.21538461538461537,12
Educational services,7.7,1988,1.5,5.8,Education,0.19480519480519481,0.7532467532467532,0,1,0,2.163323025660538,0.25862068965517243,13
Educational services,8.1,1989,1.6,6.6,Education,0.19753086419753088,0.8148148148148148,0,1,0,2.2082744135228043,0.24242424242424246,14
Educational services,8.5,1990,1.6,7.2,Education,0.18823529411764706,0.8470588235294118,0,1,0,2.2512917986064953,0.22222222222222224,15
